{"name":"674ef4e1-d3c1-44e9-86b1-909fbd094151","id":"/providers/Microsoft.Flow/flows/674ef4e1-d3c1-44e9-86b1-909fbd094151","type":"Microsoft.Flow/flows","properties":{"apiId":"/providers/Microsoft.PowerApps/apis/shared_logicflows","displayName":"Réponse à la candidature pour le poste d'ingénieur support technique M365.","definition":{"metadata":{"workflowEntityId":null,"processAdvisorMetadata":null,"flowChargedByPaygo":null,"flowclientsuspensionreason":"None","flowclientsuspensiontime":null,"flowclientsuspensionreasondetails":null,"creator":{"id":"b840f8ef-30e6-40c6-9d7f-4b427dc6417a","type":"User","tenantId":"e815a725-4490-4790-9ec8-c98e420c418f"},"provisioningMethod":"FromDefinition","failureAlertSubscription":true,"clientLastModifiedTime":"2025-02-28T11:15:21.7963022Z","connectionKeySavedTimeKey":"2025-02-28T11:15:21.7963022Z","creationSource":"Portal","modifiedSources":"Portal"},"$schema":"https://schema.management.azure.com/providers/Microsoft.Logic/schemas/2016-06-01/workflowdefinition.json#","contentVersion":"1.0.0.0","parameters":{"$authentication":{"defaultValue":{},"type":"SecureObject"},"$connections":{"defaultValue":{},"type":"Object"}},"triggers":{"Lorsqu'une_nouvelle_réponse_est_envoyée":{"splitOn":"@triggerOutputs()?['body/value']","type":"OpenApiConnectionWebhook","inputs":{"parameters":{"form_id":"JacV6JBEkEeeyMmOQgxBj-_4QLjmMMZAnX9LQn3GQXpUQ1FMV081TUpXWDg5WDE0QTRHMTBQODFDVC4u"},"host":{"apiId":"/providers/Microsoft.PowerApps/apis/shared_microsoftforms","connectionName":"shared_microsoftforms","operationId":"CreateFormWebhook"},"authentication":"@parameters('$authentication')"}}},"actions":{"Obtenir_les_détails_de_la_réponse":{"runAfter":{},"type":"OpenApiConnection","inputs":{"parameters":{"form_id":"JacV6JBEkEeeyMmOQgxBj-_4QLjmMMZAnX9LQn3GQXpUQ1FMV081TUpXWDg5WDE0QTRHMTBQODFDVC4u","response_id":"@triggerOutputs()?['body/resourceData/responseId']"},"host":{"apiId":"/providers/Microsoft.PowerApps/apis/shared_microsoftforms","connectionName":"shared_microsoftforms-1","operationId":"GetFormResponseById"},"authentication":"@parameters('$authentication')"}},"Créer_un_élément":{"runAfter":{"Obtenir_les_détails_de_la_réponse":["Succeeded"]},"type":"OpenApiConnection","inputs":{"parameters":{"dataset":"https://likabo292.sharepoint.com/sites/Offred'emploi","table":"829fc13f-4111-4a05-a668-9894c9f94db5","item/Nom":"@outputs('Obtenir_les_détails_de_la_réponse')?['body/ra9de91eff01045169bf40b55261a537f']","item/Pr_x00e9_nom":"@outputs('Obtenir_les_détails_de_la_réponse')?['body/r655ccf9ef08940cfbf3744cda24f3e21']","item/Num_x00e9_rodet_x00e9_l_x00e9_ph":"@outputs('Obtenir_les_détails_de_la_réponse')?['body/r3f3fd9f84fe64827bf7d49c22174a5ea']","item/Adressemail":"@outputs('Obtenir_les_détails_de_la_réponse')?['body/r5292c7acb7f44e9c994a0e93c4ea141e']","item/LienduCV":"@outputs('Obtenir_les_détails_de_la_réponse')?['body/r884ad00145814e57934d0060b3804b8f']"},"host":{"apiId":"/providers/Microsoft.PowerApps/apis/shared_sharepointonline","connectionName":"shared_sharepointonline","operationId":"PostItem"},"authentication":"@parameters('$authentication')"}},"Envoyer_un_e-mail_(V2)":{"runAfter":{"Créer_un_élément":["Succeeded"]},"type":"OpenApiConnection","inputs":{"parameters":{"emailMessage/To":"@outputs('Obtenir_les_détails_de_la_réponse')?['body/r5292c7acb7f44e9c994a0e93c4ea141e']","emailMessage/Subject":"Réponse à la candidature","emailMessage/Body":"<p class=\"editor-paragraph\">Cher/Chère ,@{outputs('Obtenir_les_détails_de_la_réponse')?['body/r655ccf9ef08940cfbf3744cda24f3e21']}</p><p class=\"editor-paragraph\">Merci d'avoir soumis votre candidature pour le poste d'Ingénieur support technique Microsoft 365. Nous avons bien reçu votre candidature et notre équipe est en train de l'examiner.<br><br>Nous vous remercions de l'intérêt que vous portez à notre équipe et nous vous contacterons bientôt pour vous informer des prochaines étapes du processus de sélection.<br><br>Cordialement,<br>Likabo Cloud Technologies<br>Recrutements</p>","emailMessage/From":"pascalsoh@likabo-ind.me","emailMessage/Importance":"Normal"},"host":{"apiId":"/providers/Microsoft.PowerApps/apis/shared_office365","connectionName":"shared_office365","operationId":"SendEmailV2"},"authentication":"@parameters('$authentication')"}}},"outputs":{}},"connectionReferences":{"shared_microsoftforms":{"connectionName":"shared-microsoftform-30559373-9d4f-419f-a617-c2192bae5549","source":"Embedded","id":"/providers/Microsoft.PowerApps/apis/shared_microsoftforms","tier":"NotSpecified","apiName":"microsoftforms"},"shared_microsoftforms-1":{"connectionName":"shared-microsoftform-91448d1a-5d72-4ad0-994a-ac52dce15682","source":"Embedded","id":"/providers/Microsoft.PowerApps/apis/shared_microsoftforms","tier":"NotSpecified","apiName":"microsoftforms"},"shared_sharepointonline":{"connectionName":"shared-sharepointonl-71c95813-5877-474a-8a72-da861c711d11","source":"Embedded","id":"/providers/Microsoft.PowerApps/apis/shared_sharepointonline","tier":"NotSpecified","apiName":"sharepointonline"},"shared_office365":{"connectionName":"shared-office365-df633a21-7f76-4c49-a5d8-9096fd09a81d","source":"Embedded","id":"/providers/Microsoft.PowerApps/apis/shared_office365","tier":"NotSpecified","apiName":"office365"}},"flowFailureAlertSubscribed":false,"isManaged":false}}